create_date,document_type,filing_document_id,url,edgar_filing_id,filing_agent_id,filing_agent_name,filing_date,filing_description,filing_id,filing_type_id,filing_type_mnemonic,link_to_detail_page,received_date,report_person_id,report_person_name,stock_exchange,stock_symbol
/Date(1537466379143-0500)/,CONVPDF,5040133,https://d18rn0p25nwr6d.cloudfront.net/CIK-0001069183/933d99d9-34e2-4ed4-8397-1ba6e120bca6.pdf,1602521,93023,BOWNE OF PHOENIX INC,2002-06-27T00:00:00Z,Amended Current report filing,1912760,136,8-K/A,/financials/sec-filings/sec-filings-details/default.aspx?FilingId=1912760,06/27/2002 07:05:43,NA,NA,CIK,0001069183
/Date(1537466379630-0500)/,CONVPDF,5040139,https://d18rn0p25nwr6d.cloudfront.net/CIK-0001069183/fc693d33-efa4-4bf5-904d-1e09c5390a5d.pdf,1602522,93023,BOWNE OF PHOENIX INC,2002-06-10T00:00:00Z,Current report filing,1897301,135,8-K,/financials/sec-filings/sec-filings-details/default.aspx?FilingId=1897301,06/10/2002 07:10:08,NA,NA,CIK,0001069183
/Date(1537466376983-0500)/,CONVPDF,5039805,https://d18rn0p25nwr6d.cloudfront.net/CIK-0001069183/9b8ba65a-c902-4115-badc-d42b5df3a7c6.pdf,1602465,93023,BOWNE OF PHOENIX INC,2003-10-20T00:00:00Z,Current report filing,2540433,135,8-K,/financials/sec-filings/sec-filings-details/default.aspx?FilingId=2540433,10/20/2003 15:06:01,NA,NA,CIK,0001069183
/Date(1537466377510-0500)/,CONVPDF,5039893,https://d18rn0p25nwr6d.cloudfront.net/CIK-0001069183/e2a0c05e-0276-4295-b1e4-ea3b3b885787.pdf,1602480,93023,BOWNE OF PHOENIX INC,2003-07-21T00:00:00Z,Current report filing,2394854,135,8-K,/financials/sec-filings/sec-filings-details/default.aspx?FilingId=2394854,07/21/2003 15:05:48,NA,NA,CIK,0001069183
/Date(1537466377557-0500)/,CONVPDF,5039899,https://d18rn0p25nwr6d.cloudfront.net/CIK-0001069183/1929da46-e1dd-46f0-a651-90980fde5a0f.pdf,1602481,93023,BOWNE OF PHOENIX INC,2003-06-30T00:00:00Z,Current report filing,2363666,135,8-K,/financials/sec-filings/sec-filings-details/default.aspx?FilingId=2363666,06/30/2003 10:03:43,NA,NA,CIK,0001069183
/Date(1537466378160-0500)/,CONVPDF,5039994,https://d18rn0p25nwr6d.cloudfront.net/CIK-0001069183/bc22dc6d-386d-4d0b-a2ca-e7c78609bc2f.pdf,1602497,93023,BOWNE OF PHOENIX INC,2003-04-22T00:00:00Z,Current report filing,2260927,135,8-K,/financials/sec-filings/sec-filings-details/default.aspx?FilingId=2260927,04/22/2003 07:01:27,NA,NA,CIK,0001069183
/Date(1537466374157-0500)/,CONVPDF,5039372,https://d18rn0p25nwr6d.cloudfront.net/CIK-0001069183/8cdd3958-554a-4665-9b85-01acb235e887.pdf,1602392,61160,BOWNE OF DETROIT INC,2004-11-08T00:00:00Z,Current report filing,3267255,135,8-K,/financials/sec-filings/sec-filings-details/default.aspx?FilingId=3267255,11/08/2004 13:31:38,NA,NA,CIK,0001069183
/Date(1537466374853-0500)/,CONVPDF,5039408,https://d18rn0p25nwr6d.cloudfront.net/CIK-0001069183/01a7c8a8-8733-4eb3-8ffe-8dcc69592e1b.pdf,1602398,61160,BOWNE OF DETROIT INC,2004-10-19T00:00:00Z,Current report filing,3228247,135,8-K,/financials/sec-filings/sec-filings-details/default.aspx?FilingId=3228247,10/19/2004 07:01:16,NA,NA,CIK,0001069183
/Date(1537466375080-0500)/,CONVPDF,5039450,https://d18rn0p25nwr6d.cloudfront.net/CIK-0001069183/44809c22-fa71-47e9-80a4-e34b4fd772f2.pdf,1602405,61160,BOWNE OF DETROIT INC,2004-07-20T00:00:00Z,Current report filing,3074423,135,8-K,/financials/sec-filings/sec-filings-details/default.aspx?FilingId=3074423,07/20/2004 05:10:39,NA,NA,CIK,0001069183
/Date(1537466375207-0500)/,CONVPDF,5039468,https://d18rn0p25nwr6d.cloudfront.net/CIK-0001069183/ebcdc06a-d972-4728-882c-c4f4714ce9de.pdf,1602408,93023,BOWNE OF PHOENIX INC,2004-06-24T00:00:00Z,Current report filing,3035728,135,8-K,/financials/sec-filings/sec-filings-details/default.aspx?FilingId=3035728,06/24/2004 16:31:19,NA,NA,CIK,0001069183
/Date(1537466375510-0500)/,CONVPDF,5039515,https://d18rn0p25nwr6d.cloudfront.net/CIK-0001069183/3a7bde68-cb7c-44b2-ae83-2b898823d889.pdf,1602416,61160,BOWNE OF DETROIT INC,2004-04-20T00:00:00Z,Current report filing,2905095,135,8-K,/financials/sec-filings/sec-filings-details/default.aspx?FilingId=2905095,04/20/2004 05:02:40,NA,NA,CIK,0001069183
/Date(1537466375550-0500)/,CONVPDF,5039521,https://d18rn0p25nwr6d.cloudfront.net/CIK-0001069183/bd16f3cc-90ba-4e00-aef6-b514e8733223.pdf,1602417,93023,BOWNE OF PHOENIX INC,2004-04-16T00:00:00Z,Current report filing,2902594,135,8-K,/financials/sec-filings/sec-filings-details/default.aspx?FilingId=2902594,04/16/2004 16:26:26,NA,NA,CIK,0001069183
/Date(1537466376087-0500)/,CONVPDF,5039668,https://d18rn0p25nwr6d.cloudfront.net/CIK-0001069183/9cfb7773-c28e-4dd3-bdfb-81d373b3e14c.pdf,1602442,93023,BOWNE OF PHOENIX INC,2004-02-06T00:00:00Z,Current report filing,2739100,135,8-K,/financials/sec-filings/sec-filings-details/default.aspx?FilingId=2739100,02/06/2004 12:54:48,NA,NA,CIK,0001069183
/Date(1537466376120-0500)/,CONVPDF,5039674,https://d18rn0p25nwr6d.cloudfront.net/CIK-0001069183/f52ef200-bfe5-4bdd-975e-e99556f28be0.pdf,1602443,93023,BOWNE OF PHOENIX INC,2004-02-02T00:00:00Z,Current report filing,2725792,135,8-K,/financials/sec-filings/sec-filings-details/default.aspx?FilingId=2725792,02/02/2004 15:32:41,NA,NA,CIK,0001069183
/Date(1537466376180-0500)/,CONVPDF,5039680,https://d18rn0p25nwr6d.cloudfront.net/CIK-0001069183/62c1a3f2-81c0-420c-92ac-d9277eed0f83.pdf,1602444,93023,BOWNE OF PHOENIX INC,2004-01-23T00:00:00Z,Current report filing,2708400,135,8-K,/financials/sec-filings/sec-filings-details/default.aspx?FilingId=2708400,01/23/2004 15:20:40,NA,NA,CIK,0001069183
/Date(1537466371263-0500)/,CONVPDF,5039013,https://d18rn0p25nwr6d.cloudfront.net/CIK-0001069183/0dd00286-232f-4c06-b20c-92c884e7449a.pdf,1602331,61160,BOWNE OF DETROIT INC,2005-11-25T00:00:00Z,Current report filing,4039121,135,8-K,/financials/sec-filings/sec-filings-details/default.aspx?FilingId=4039121,11/25/2005 08:19:07,NA,NA,CIK,0001069183
/Date(1537466371293-0500)/,CONVPDF,5039019,https://d18rn0p25nwr6d.cloudfront.net/CIK-0001069183/a0e75d2e-ee4c-42e0-8f0c-8b271080574f.pdf,1602332,93023,BOWNE OF PHOENIX INC,2005-11-15T00:00:00Z,Current report filing,4021638,135,8-K,/financials/sec-filings/sec-filings-details/default.aspx?FilingId=4021638,11/15/2005 15:42:03,NA,NA,CIK,0001069183
/Date(1537466371403-0500)/,CONVPDF,5039036,https://d18rn0p25nwr6d.cloudfront.net/CIK-0001069183/df786408-b8f3-4e61-b9cb-70d834c85604.pdf,1602335,61160,BOWNE OF DETROIT INC,2005-10-26T00:00:00Z,Current report filing,3973483,135,8-K,/financials/sec-filings/sec-filings-details/default.aspx?FilingId=3973483,10/26/2005 06:45:56,NA,NA,CIK,0001069183
/Date(1537466371440-0500)/,CONVPDF,5039042,https://d18rn0p25nwr6d.cloudfront.net/CIK-0001069183/f7f46f13-ce13-4698-83ec-d29a11a57b84.pdf,1602336,93023,BOWNE OF PHOENIX INC,2005-09-15T00:00:00Z,Current report filing,3912406,135,8-K,/financials/sec-filings/sec-filings-details/default.aspx?FilingId=3912406,09/15/2005 15:41:22,NA,NA,CIK,0001069183
/Date(1537466371813-0500)/,CONVPDF,5039054,https://d18rn0p25nwr6d.cloudfront.net/CIK-0001069183/c2c79e77-1731-46fd-a082-7b1820a35607.pdf,1602338,93023,BOWNE OF PHOENIX INC,2005-07-20T00:00:00Z,Current report filing,3798648,135,8-K,/financials/sec-filings/sec-filings-details/default.aspx?FilingId=3798648,07/20/2005 06:59:10,NA,NA,CIK,0001069183
/Date(1537466372013-0500)/,CONVPDF,5039084,https://d18rn0p25nwr6d.cloudfront.net/CIK-0001069183/444cad08-a54a-4a5f-845e-5deb6081cf21.pdf,1602343,93023,BOWNE OF PHOENIX INC,2005-05-24T00:00:00Z,Current report filing,3700729,135,8-K,/financials/sec-filings/sec-filings-details/default.aspx?FilingId=3700729,05/24/2005 12:13:33,NA,NA,CIK,0001069183
/Date(1537466372587-0500)/,CONVPDF,5039167,https://d18rn0p25nwr6d.cloudfront.net/CIK-0001069183/91c3bf9a-5b01-41b0-86f4-cc729e8afbc5.pdf,1602357,93023,BOWNE OF PHOENIX INC,2005-04-20T00:00:00Z,Current report filing,3616298,135,8-K,/financials/sec-filings/sec-filings-details/default.aspx?FilingId=3616298,04/20/2005 16:24:16,NA,NA,CIK,0001069183
/Date(1537466372633-0500)/,CONVPDF,5039173,https://d18rn0p25nwr6d.cloudfront.net/CIK-0001069183/f25895e0-bb34-4654-a960-5ea084ea1d81.pdf,1602358,61160,BOWNE OF DETROIT INC,2005-04-19T00:00:00Z,Current report filing,3611833,135,8-K,/financials/sec-filings/sec-filings-details/default.aspx?FilingId=3611833,04/19/2005 05:14:26,NA,NA,CIK,0001069183
/Date(1537466372780-0500)/,CONVPDF,5039186,https://d18rn0p25nwr6d.cloudfront.net/CIK-0001069183/ef35011d-0a3b-40aa-abf7-d9d1373edba2.pdf,1602361,93023,BOWNE OF PHOENIX INC,2005-04-01T00:00:00Z,Current report filing,3582541,135,8-K,/financials/sec-filings/sec-filings-details/default.aspx?FilingId=3582541,04/01/2005 15:44:40,NA,NA,CIK,0001069183
/Date(1537466372917-0500)/,CONVPDF,5039198,https://d18rn0p25nwr6d.cloudfront.net/CIK-0001069183/151d7770-e786-40b8-9b70-f0cf240d68fd.pdf,1602363,61160,BOWNE OF DETROIT INC,2005-03-21T00:00:00Z,Current report filing,3551954,135,8-K,/financials/sec-filings/sec-filings-details/default.aspx?FilingId=3551954,03/21/2005 14:47:33,NA,NA,CIK,0001069183
/Date(1537466373480-0500)/,CONVPDF,5039276,https://d18rn0p25nwr6d.cloudfront.net/CIK-0001069183/9805ad88-4381-417e-8fd0-dd805a51e8aa.pdf,1602376,61160,BOWNE OF DETROIT INC,2005-02-08T00:00:00Z,Current report filing,3446699,135,8-K,/financials/sec-filings/sec-filings-details/default.aspx?FilingId=3446699,02/08/2005 14:32:07,NA,NA,CIK,0001069183
/Date(1537466373520-0500)/,CONVPDF,5039282,https://d18rn0p25nwr6d.cloudfront.net/CIK-0001069183/b354c273-188d-4044-98de-518645f52cac.pdf,1602377,93023,BOWNE OF PHOENIX INC,2005-01-10T00:00:00Z,Current report filing,3387503,135,8-K,/financials/sec-filings/sec-filings-details/default.aspx?FilingId=3387503,01/10/2005 06:45:16,NA,NA,CIK,0001069183
/Date(1537466370117-0500)/,CONVPDF,5038797,https://d18rn0p25nwr6d.cloudfront.net/CIK-0001069183/bdc53129-70ab-43ba-977e-8eb68f9ee544.pdf,1602295,93023,BOWNE OF PHOENIX INC,2006-12-20T00:00:00Z,Current report filing,4835993,135,8-K,/financials/sec-filings/sec-filings-details/default.aspx?FilingId=4835993,12/20/2006 15:40:51,NA,NA,CIK,0001069183
/Date(1537466369720-0500)/,CONVPDF,5038803,https://d18rn0p25nwr6d.cloudfront.net/CIK-0001069183/96fc85f9-c7e0-47d2-889f-d2066672e28e.pdf,1602296,93023,BOWNE OF PHOENIX INC,2006-11-14T00:00:00Z,Amended Current report filing,4765408,136,8-K/A,/financials/sec-filings/sec-filings-details/default.aspx?FilingId=4765408,11/14/2006 12:32:29,NA,NA,CIK,0001069183
/Date(1537466370253-0500)/,CONVPDF,5038815,https://d18rn0p25nwr6d.cloudfront.net/CIK-0001069183/906652d3-2318-42ab-8cf8-7282820264bd.pdf,1602298,93023,BOWNE OF PHOENIX INC,2006-11-06T00:00:00Z,Current report filing,4744100,135,8-K,/financials/sec-filings/sec-filings-details/default.aspx?FilingId=4744100,11/06/2006 14:53:43,NA,NA,CIK,0001069183
/Date(1537466370287-0500)/,CONVPDF,5038821,https://d18rn0p25nwr6d.cloudfront.net/CIK-0001069183/85efef55-99e1-46ed-aab6-a764a57dcf8c.pdf,1602299,61160,BOWNE OF DETROIT INC,2006-10-25T00:00:00Z,Current report filing,4717659,135,8-K,/financials/sec-filings/sec-filings-details/default.aspx?FilingId=4717659,10/25/2006 07:00:47,NA,NA,CIK,0001069183
/Date(1537466370320-0500)/,CONVPDF,5038827,https://d18rn0p25nwr6d.cloudfront.net/CIK-0001069183/03019b75-9a13-4c6c-b8ef-7244657aab9a.pdf,1602300,61160,BOWNE OF DETROIT INC,2006-08-30T00:00:00Z,Current report filing,4629467,135,8-K,/financials/sec-filings/sec-filings-details/default.aspx?FilingId=4629467,08/30/2006 07:00:44,NA,NA,CIK,0001069183
/Date(1537466370403-0500)/,CONVPDF,5038839,https://d18rn0p25nwr6d.cloudfront.net/CIK-0001069183/13892844-e995-43d6-b665-7aacb87770c9.pdf,1602302,61160,BOWNE OF DETROIT INC,2006-07-26T00:00:00Z,Current report filing,4551905,135,8-K,/financials/sec-filings/sec-filings-details/default.aspx?FilingId=4551905,07/26/2006 07:00:47,NA,NA,CIK,0001069183
/Date(1537466370443-0500)/,CONVPDF,5038845,https://d18rn0p25nwr6d.cloudfront.net/CIK-0001069183/b7cac521-77af-4065-8154-93cf06897b20.pdf,1602303,93023,BOWNE OF PHOENIX INC,2006-07-05T00:00:00Z,Current report filing,4517005,135,8-K,/financials/sec-filings/sec-filings-details/default.aspx?FilingId=4517005,07/05/2006 12:40:31,NA,NA,CIK,0001069183
/Date(1537466370063-0500)/,CONVPDF,5038851,https://d18rn0p25nwr6d.cloudfront.net/CIK-0001069183/f45bb5d7-0ed1-4f49-a825-9c4eea7988e7.pdf,1602304,93023,BOWNE OF PHOENIX INC,2006-06-29T00:00:00Z,Current report filing,4509076,135,8-K,/financials/sec-filings/sec-filings-details/default.aspx?FilingId=4509076,06/29/2006 15:17:47,NA,NA,CIK,0001069183
/Date(1537466370820-0500)/,CONVPDF,5038887,https://d18rn0p25nwr6d.cloudfront.net/CIK-0001069183/110098dc-c980-4421-a005-e745a1e657fa.pdf,1602310,93023,BOWNE OF PHOENIX INC,2006-05-19T00:00:00Z,Current report filing,4435355,135,8-K,/financials/sec-filings/sec-filings-details/default.aspx?FilingId=4435355,05/19/2006 15:28:46,NA,NA,CIK,0001069183
/Date(1537466370937-0500)/,CONVPDF,5038905,https://d18rn0p25nwr6d.cloudfront.net/CIK-0001069183/6c684ad1-29d2-4a0f-8ddf-036dbfdb57b5.pdf,1602313,93023,BOWNE OF PHOENIX INC,2006-05-16T00:00:00Z,Current report filing,4426652,135,8-K,/financials/sec-filings/sec-filings-details/default.aspx?FilingId=4426652,05/16/2006 15:39:57,NA,NA,CIK,0001069183
/Date(1537466371057-0500)/,CONVPDF,5038923,https://d18rn0p25nwr6d.cloudfront.net/CIK-0001069183/a3c17483-ccc1-4db8-9b13-3178a9d67341.pdf,1602316,61160,BOWNE OF DETROIT INC,2006-04-26T00:00:00Z,Current report filing,4363802,135,8-K,/financials/sec-filings/sec-filings-details/default.aspx?FilingId=4363802,04/26/2006 07:01:14,NA,NA,CIK,0001069183
/Date(1537466371320-0500)/,CONVPDF,5038953,https://d18rn0p25nwr6d.cloudfront.net/CIK-0001069183/2aa2e1ab-c2a3-4ed1-86c8-5fc026d88f3f.pdf,1602321,93023,BOWNE OF PHOENIX INC,2006-02-22T00:00:00Z,Current report filing,4227556,135,8-K,/financials/sec-filings/sec-filings-details/default.aspx?FilingId=4227556,02/22/2006 07:01:00,NA,NA,CIK,0001069183
/Date(1537466368820-0500)/,CONVPDF,5038589,https://d18rn0p25nwr6d.cloudfront.net/CIK-0001069183/9d9fea0b-94cb-421c-908a-eea4cbb7b154.pdf,1602260,61160,BOWNE OF DETROIT INC,2007-10-24T00:00:00Z,Current report filing,5489759,135,8-K,/financials/sec-filings/sec-filings-details/default.aspx?FilingId=5489759,10/24/2007 07:01:33,NA,NA,CIK,0001069183
/Date(1537466369117-0500)/,CONVPDF,5038637,https://d18rn0p25nwr6d.cloudfront.net/CIK-0001069183/186fa9fa-d4df-487e-a9bc-1327e20e36ce.pdf,1602268,93023,BOWNE OF PHOENIX INC,2007-07-23T00:00:00Z,Current report filing,5313334,135,8-K,/financials/sec-filings/sec-filings-details/default.aspx?FilingId=5313334,07/23/2007 07:00:31,NA,NA,CIK,0001069183
/Date(1537466369687-0500)/,CONVPDF,5038733,https://d18rn0p25nwr6d.cloudfront.net/CIK-0001069183/b863a58b-5d1e-46ce-8cad-459da6e6c94d.pdf,1602284,93023,BOWNE OF PHOENIX INC,2007-05-24T00:00:00Z,Current report filing,5206263,135,8-K,/financials/sec-filings/sec-filings-details/default.aspx?FilingId=5206263,05/24/2007 16:25:27,NA,NA,CIK,0001069183
/Date(1537466369767-0500)/,CONVPDF,5038745,https://d18rn0p25nwr6d.cloudfront.net/CIK-0001069183/fc16e185-1115-4ffc-9738-7697497a5474.pdf,1602286,44538,RR DONNELLEY,2007-04-25T00:00:00Z,Current report filing,5120611,135,8-K,/financials/sec-filings/sec-filings-details/default.aspx?FilingId=5120611,04/25/2007 07:01:45,NA,NA,CIK,0001069183
/Date(1537466369830-0500)/,CONVPDF,5038757,https://d18rn0p25nwr6d.cloudfront.net/CIK-0001069183/9e51ab85-e4cf-4c96-896d-8d4419c38bc9.pdf,1602288,93023,BOWNE OF PHOENIX INC,2007-04-05T00:00:00Z,Current report filing,5088397,135,8-K,/financials/sec-filings/sec-filings-details/default.aspx?FilingId=5088397,04/05/2007 11:57:05,NA,NA,CIK,0001069183
/Date(1537466369907-0500)/,CONVPDF,5038769,https://d18rn0p25nwr6d.cloudfront.net/CIK-0001069183/1b18f4eb-37f5-460a-89e1-3e2a64520080.pdf,1602290,93023,BOWNE OF PHOENIX INC,2007-03-13T00:00:00Z,Current report filing,5030021,135,8-K,/financials/sec-filings/sec-filings-details/default.aspx?FilingId=5030021,03/13/2007 15:17:50,NA,NA,CIK,0001069183
/Date(1537466369957-0500)/,CONVPDF,5038775,https://d18rn0p25nwr6d.cloudfront.net/CIK-0001069183/f15217f3-b796-4830-bd97-35e332af403c.pdf,1602291,61160,BOWNE OF DETROIT INC,2007-02-21T00:00:00Z,Current report filing,4978517,135,8-K,/financials/sec-filings/sec-filings-details/default.aspx?FilingId=4978517,02/21/2007 06:59:57,NA,NA,CIK,0001069183
/Date(1537466366573-0500)/,CONVPDF,5038307,https://d18rn0p25nwr6d.cloudfront.net/CIK-0001069183/01e9f127-100d-4a9c-853b-e5bb9b6063f3.pdf,1602213,44538,RR DONNELLEY,2008-10-28T00:00:00Z,Current report filing,6211441,135,8-K,/financials/sec-filings/sec-filings-details/default.aspx?FilingId=6211441,10/28/2008 07:01:20,NA,NA,CIK,0001069183
/Date(1537466366947-0500)/,CONVPDF,5038361,https://d18rn0p25nwr6d.cloudfront.net/CIK-0001069183/541a6f4c-c421-4e73-be86-05b7e32ca9ea.pdf,1602222,44538,RR DONNELLEY,2008-07-24T00:00:00Z,Current report filing,6057285,135,8-K,/financials/sec-filings/sec-filings-details/default.aspx?FilingId=6057285,07/24/2008 07:01:30,NA,NA,CIK,0001069183
/Date(1537466367670-0500)/,CONVPDF,5038481,https://d18rn0p25nwr6d.cloudfront.net/CIK-0001069183/d6a773ba-d4e7-4340-af9f-8d6ce45fb3e0.pdf,1602242,44538,RR DONNELLEY,2008-04-24T00:00:00Z,Current report filing,5880506,135,8-K,/financials/sec-filings/sec-filings-details/default.aspx?FilingId=5880506,04/24/2008 07:01:00,NA,NA,CIK,0001069183
/Date(1537466368467-0500)/,CONVPDF,5038535,https://d18rn0p25nwr6d.cloudfront.net/CIK-0001069183/56367499-45a8-4ebf-9a5f-d9da9bbd6d20.pdf,1602251,93023,BOWNE OF PHOENIX INC,2008-02-14T00:00:00Z,Current report filing,5724925,135,8-K,/financials/sec-filings/sec-filings-details/default.aspx?FilingId=5724925,02/14/2008 07:01:57,NA,NA,CIK,0001069183
/Date(1537466365153-0500)/,CONVPDF,5038104,https://d18rn0p25nwr6d.cloudfront.net/CIK-0001069183/5256b980-c5e3-468b-8496-b00551e95d40.pdf,1602179,92625,DONNELLEY FINANCIAL SOLUTIONS,2009-10-22T00:00:00Z,Current report filing,6848673,135,8-K,/financials/sec-filings/sec-filings-details/default.aspx?FilingId=6848673,10/22/2009 07:01:07,NA,NA,CIK,0001069183
/Date(1537466365253-0500)/,CONVPDF,5038122,https://d18rn0p25nwr6d.cloudfront.net/CIK-0001069183/ccccfd33-8b89-44a6-8557-7278145550d6.pdf,1602182,92625,DONNELLEY FINANCIAL SOLUTIONS,2009-07-29T00:00:00Z,Current report filing,6716178,135,8-K,/financials/sec-filings/sec-filings-details/default.aspx?FilingId=6716178,07/29/2009 07:00:41,NA,NA,CIK,0001069183
/Date(1537466365283-0500)/,CONVPDF,5038128,https://d18rn0p25nwr6d.cloudfront.net/CIK-0001069183/7e0e920c-ef8d-441d-bcad-000e47847ef8.pdf,1602183,93023,BOWNE OF PHOENIX INC,2009-05-21T00:00:00Z,Current report filing,6621519,135,8-K,/financials/sec-filings/sec-filings-details/default.aspx?FilingId=6621519,05/21/2009 16:18:21,NA,NA,CIK,0001069183
/Date(1537466365837-0500)/,CONVPDF,5038140,https://d18rn0p25nwr6d.cloudfront.net/CIK-0001069183/d3d3a622-f8df-4c04-9822-8a650df25e87.pdf,1602185,44538,RR DONNELLEY,2009-04-23T00:00:00Z,Current report filing,6553820,135,8-K,/financials/sec-filings/sec-filings-details/default.aspx?FilingId=6553820,04/23/2009 07:01:47,NA,NA,CIK,0001069183
/Date(1537466365890-0500)/,CONVPDF,5038146,https://d18rn0p25nwr6d.cloudfront.net/CIK-0001069183/1fb3943b-8b57-44dd-a7a0-88900f3671d1.pdf,1602186,93023,BOWNE OF PHOENIX INC,2009-04-15T00:00:00Z,Current report filing,6543593,135,8-K,/financials/sec-filings/sec-filings-details/default.aspx?FilingId=6543593,04/15/2009 16:29:07,NA,NA,CIK,0001069183
/Date(1537466366090-0500)/,CONVPDF,5038176,https://d18rn0p25nwr6d.cloudfront.net/CIK-0001069183/baffc544-ff22-423e-9179-842883294d94.pdf,1602191,44538,RR DONNELLEY,2009-02-24T00:00:00Z,Current report filing,6433773,135,8-K,/financials/sec-filings/sec-filings-details/default.aspx?FilingId=6433773,02/24/2009 07:01:01,NA,NA,CIK,0001069183
/Date(1537466364083-0500)/,CONVPDF,5037883,https://d18rn0p25nwr6d.cloudfront.net/CIK-0001069183/3d277a6d-dac8-4d57-830d-695118d633f5.pdf,1602141,92625,DONNELLEY FINANCIAL SOLUTIONS,2010-10-27T00:00:00Z,Current report filing,7517758,135,8-K,/financials/sec-filings/sec-filings-details/default.aspx?FilingId=7517758,10/27/2010 07:00:54,NA,NA,CIK,0001069183
/Date(1537466363717-0500)/,CONVPDF,5037895,https://d18rn0p25nwr6d.cloudfront.net/CIK-0001069183/a99a07c6-a4f7-4c0e-bd85-4e6d84b2eb25.pdf,1602143,92625,DONNELLEY FINANCIAL SOLUTIONS,2010-07-27T00:00:00Z,Current report filing,7374413,135,8-K,/financials/sec-filings/sec-filings-details/default.aspx?FilingId=7374413,07/27/2010 06:59:10,NA,NA,CIK,0001069183
/Date(1537466363833-0500)/,CONVPDF,5037912,https://d18rn0p25nwr6d.cloudfront.net/CIK-0001069183/daf9c476-36a8-47f1-8848-0e705af7b6ce.pdf,1602146,647422,DONNELLEY FINANCIAL SOLUTIONS 8-K EXPRESS,2010-06-25T00:00:00Z,Current report filing,7329261,135,8-K,/financials/sec-filings/sec-filings-details/default.aspx?FilingId=7329261,06/25/2010 05:03:30,NA,NA,CIK,0001069183
/Date(1537466364620-0500)/,CONVPDF,5037960,https://d18rn0p25nwr6d.cloudfront.net/CIK-0001069183/e3e8c1bb-eb88-4cd6-8954-da788512b319.pdf,1602154,92625,DONNELLEY FINANCIAL SOLUTIONS,2010-06-01T00:00:00Z,Current report filing,7290608,135,8-K,/financials/sec-filings/sec-filings-details/default.aspx?FilingId=7290608,06/01/2010 14:58:30,NA,NA,CIK,0001069183
/Date(1537466364737-0500)/,CONVPDF,5037978,https://d18rn0p25nwr6d.cloudfront.net/CIK-0001069183/6c00bad9-b118-4ebd-a17f-116c57580ea5.pdf,1602157,92625,DONNELLEY FINANCIAL SOLUTIONS,2010-04-23T00:00:00Z,Current report filing,7199392,135,8-K,/financials/sec-filings/sec-filings-details/default.aspx?FilingId=7199392,04/23/2010 07:00:53,NA,NA,CIK,0001069183
/Date(1537466364240-0500)/,CONVPDF,5037972,https://d18rn0p25nwr6d.cloudfront.net/CIK-0001069183/5d36fd08-f381-4828-be1f-60e8e5a35ea6.pdf,1602156,647422,DONNELLEY FINANCIAL SOLUTIONS 8-K EXPRESS,2010-04-23T00:00:00Z,Current report filing,7199548,135,8-K,/financials/sec-filings/sec-filings-details/default.aspx?FilingId=7199548,04/23/2010 09:06:45,NA,NA,CIK,0001069183
/Date(1537466364437-0500)/,CONVPDF,5037995,https://d18rn0p25nwr6d.cloudfront.net/CIK-0001069183/5316c072-14c0-43ae-92bf-507129632153.pdf,1602160,647422,DONNELLEY FINANCIAL SOLUTIONS 8-K EXPRESS,2010-04-12T00:00:00Z,Current report filing,7182511,135,8-K,/financials/sec-filings/sec-filings-details/default.aspx?FilingId=7182511,04/12/2010 16:26:29,NA,NA,CIK,0001069183
/Date(1537466365223-0500)/,CONVPDF,5038039,https://d18rn0p25nwr6d.cloudfront.net/CIK-0001069183/28b5efdd-8616-44d4-872b-08fa4f99dec2.pdf,1602168,92625,DONNELLEY FINANCIAL SOLUTIONS,2010-02-19T00:00:00Z,Current report filing,7066612,135,8-K,/financials/sec-filings/sec-filings-details/default.aspx?FilingId=7066612,02/19/2010 07:01:43,NA,NA,CIK,0001069183
/Date(1537466364800-0500)/,CONVPDF,5038045,https://d18rn0p25nwr6d.cloudfront.net/CIK-0001069183/83df8f19-34d2-4c12-8c3d-9026056f436f.pdf,1602169,647422,DONNELLEY FINANCIAL SOLUTIONS 8-K EXPRESS,2010-02-18T00:00:00Z,Current report filing,7065822,135,8-K,/financials/sec-filings/sec-filings-details/default.aspx?FilingId=7065822,02/18/2010 16:14:49,NA,NA,CIK,0001069183
/Date(1537466362417-0500)/,CONVPDF,5037697,https://d18rn0p25nwr6d.cloudfront.net/CIK-0001069183/4eef3eae-1ee6-4678-b447-f284391b169a.pdf,1602110,647422,DONNELLEY FINANCIAL SOLUTIONS 8-K EXPRESS,2011-11-16T00:00:00Z,Current report filing,8249457,135,8-K,/financials/sec-filings/sec-filings-details/default.aspx?FilingId=8249457,11/16/2011 15:35:36,NA,NA,CIK,0001069183
/Date(1537466362570-0500)/,CONVPDF,5037723,https://d18rn0p25nwr6d.cloudfront.net/CIK-0001069183/170ca848-6a34-4453-844a-ddfec7b3e323.pdf,1602114,92625,DONNELLEY FINANCIAL SOLUTIONS,2011-10-31T00:00:00Z,Current report filing,8211493,135,8-K,/financials/sec-filings/sec-filings-details/default.aspx?FilingId=8211493,10/31/2011 07:01:04,NA,NA,CIK,0001069183
/Date(1537466362603-0500)/,CONVPDF,5037729,https://d18rn0p25nwr6d.cloudfront.net/CIK-0001069183/41b12595-6a51-416d-bab0-54bf6bc57b88.pdf,1602115,647422,DONNELLEY FINANCIAL SOLUTIONS 8-K EXPRESS,2011-08-17T00:00:00Z,Current report filing,8106876,135,8-K,/financials/sec-filings/sec-filings-details/default.aspx?FilingId=8106876,08/17/2011 16:24:55,NA,NA,CIK,0001069183
/Date(1537466363200-0500)/,CONVPDF,5037749,https://d18rn0p25nwr6d.cloudfront.net/CIK-0001069183/8f597a0a-7b67-4c54-8642-1d2b2d709a02.pdf,1602118,92625,DONNELLEY FINANCIAL SOLUTIONS,2011-07-28T00:00:00Z,Current report filing,8061313,135,8-K,/financials/sec-filings/sec-filings-details/default.aspx?FilingId=8061313,07/28/2011 07:01:01,NA,NA,CIK,0001069183
/Date(1537466362833-0500)/,CONVPDF,5037761,https://d18rn0p25nwr6d.cloudfront.net/CIK-0001069183/8b4ac808-979c-40fd-86da-a343ba08b5af.pdf,1602120,92625,DONNELLEY FINANCIAL SOLUTIONS,2011-06-06T00:00:00Z,Current report filing,7979509,135,8-K,/financials/sec-filings/sec-filings-details/default.aspx?FilingId=7979509,06/06/2011 05:04:32,NA,NA,CIK,0001069183
/Date(1537466362960-0500)/,CONVPDF,5037779,https://d18rn0p25nwr6d.cloudfront.net/CIK-0001069183/7b4181ea-8ddc-4b53-b337-7d85545ff075.pdf,1602123,92625,DONNELLEY FINANCIAL SOLUTIONS,2011-04-21T00:00:00Z,Current report filing,7872229,135,8-K,/financials/sec-filings/sec-filings-details/default.aspx?FilingId=7872229,04/21/2011 06:59:29,NA,NA,CIK,0001069183
/Date(1537466363023-0500)/,CONVPDF,5037791,https://d18rn0p25nwr6d.cloudfront.net/CIK-0001069183/e1217344-3fc8-464b-ab8a-15f9109bdeb1.pdf,1602125,647422,DONNELLEY FINANCIAL SOLUTIONS 8-K EXPRESS,2011-03-17T00:00:00Z,Current report filing,7803177,135,8-K,/financials/sec-filings/sec-filings-details/default.aspx?FilingId=7803177,03/17/2011 05:06:47,NA,NA,CIK,0001069183
/Date(1537466363090-0500)/,CONVPDF,5037803,https://d18rn0p25nwr6d.cloudfront.net/CIK-0001069183/588b12de-f294-41eb-98f2-ee8fd8a0601f.pdf,1602127,647422,DONNELLEY FINANCIAL SOLUTIONS 8-K EXPRESS,2011-03-03T00:00:00Z,Current report filing,7773643,135,8-K,/financials/sec-filings/sec-filings-details/default.aspx?FilingId=7773643,03/03/2011 16:01:14,NA,NA,CIK,0001069183
/Date(1537466363160-0500)/,CONVPDF,5037815,https://d18rn0p25nwr6d.cloudfront.net/CIK-0001069183/f2b07d09-a950-4d14-b40a-55c08d85cef9.pdf,1602129,92625,DONNELLEY FINANCIAL SOLUTIONS,2011-02-23T00:00:00Z,Current report filing,7745264,135,8-K,/financials/sec-filings/sec-filings-details/default.aspx?FilingId=7745264,02/23/2011 07:06:43,NA,NA,CIK,0001069183
/Date(1537466360877-0500)/,CONVPDF,5037482,https://d18rn0p25nwr6d.cloudfront.net/CIK-0001069183/8a17a5cc-55df-4d83-811a-3bb526186898.pdf,1602075,403099,DONNELLEY FINANCIAL SOLUTIONS /FA/,2012-10-26T00:00:00Z,Current report filing,8880149,135,8-K,/financials/sec-filings/sec-filings-details/default.aspx?FilingId=8880149,10/26/2012 06:33:03,NA,NA,CIK,0001069183
/Date(1537466361030-0500)/,CONVPDF,5037509,https://d18rn0p25nwr6d.cloudfront.net/CIK-0001069183/be1d516c-b324-408a-9762-6335af33b952.pdf,1602079,403099,DONNELLEY FINANCIAL SOLUTIONS /FA/,2012-07-26T00:00:00Z,Current report filing,8732106,135,8-K,/financials/sec-filings/sec-filings-details/default.aspx?FilingId=8732106,07/26/2012 06:32:39,NA,NA,CIK,0001069183
/Date(1537466361137-0500)/,CONVPDF,5037527,https://d18rn0p25nwr6d.cloudfront.net/CIK-0001069183/3fbc40a9-af2f-4960-8fa6-dbdc1be349c6.pdf,1602082,403099,DONNELLEY FINANCIAL SOLUTIONS /FA/,2012-06-04T00:00:00Z,Current report filing,8654921,135,8-K,/financials/sec-filings/sec-filings-details/default.aspx?FilingId=8654921,06/04/2012 05:04:02,NA,NA,CIK,0001069183
/Date(1537466361613-0500)/,CONVPDF,5037595,https://d18rn0p25nwr6d.cloudfront.net/CIK-0001069183/8246bd20-73c4-4f77-9ac4-1e5e61c1063e.pdf,1602093,403099,DONNELLEY FINANCIAL SOLUTIONS /FA/,2012-04-26T00:00:00Z,Current report filing,8563565,135,8-K,/financials/sec-filings/sec-filings-details/default.aspx?FilingId=8563565,04/26/2012 06:34:20,NA,NA,CIK,0001069183
/Date(1537466362063-0500)/,CONVPDF,5037644,https://d18rn0p25nwr6d.cloudfront.net/CIK-0001069183/e3cb3738-ad82-4b66-8eef-5ebc52150330.pdf,1602101,403099,DONNELLEY FINANCIAL SOLUTIONS /FA/,2012-02-23T00:00:00Z,Current report filing,8430685,135,8-K,/financials/sec-filings/sec-filings-details/default.aspx?FilingId=8430685,02/23/2012 08:34:28,NA,NA,CIK,0001069183
/Date(1537466362117-0500)/,CONVPDF,5037650,https://d18rn0p25nwr6d.cloudfront.net/CIK-0001069183/283feaa6-8809-41c0-92a6-5a308def9110.pdf,1602102,647422,DONNELLEY FINANCIAL SOLUTIONS 8-K EXPRESS,2012-02-13T00:00:00Z,Current report filing,8401525,135,8-K,/financials/sec-filings/sec-filings-details/default.aspx?FilingId=8401525,02/13/2012 15:38:31,NA,NA,CIK,0001069183
/Date(1537466358227-0500)/,CONVPDF,5037080,https://d18rn0p25nwr6d.cloudfront.net/CIK-0001069183/5eb05abc-8b42-42e2-8c88-2c90f34f66e4.pdf,1602010,403099,DONNELLEY FINANCIAL SOLUTIONS /FA/,2013-11-27T00:00:00Z,Current report filing,9636565,135,8-K,/financials/sec-filings/sec-filings-details/default.aspx?FilingId=9636565,11/27/2013 15:07:03,NA,NA,CIK,0001069183
/Date(1537466358500-0500)/,CONVPDF,5037119,https://d18rn0p25nwr6d.cloudfront.net/CIK-0001069183/5b6b72fa-3f30-4c60-8bee-8248dc623515.pdf,1602016,403099,DONNELLEY FINANCIAL SOLUTIONS /FA/,2013-10-30T00:00:00Z,Current report filing,9576358,135,8-K,/financials/sec-filings/sec-filings-details/default.aspx?FilingId=9576358,10/30/2013 06:31:35,NA,NA,CIK,0001069183
/Date(1537466359033-0500)/,CONVPDF,5037130,https://d18rn0p25nwr6d.cloudfront.net/CIK-0001069183/f0d83db6-2e0d-4857-aa0a-b9b685cb9a9d.pdf,1602018,403099,DONNELLEY FINANCIAL SOLUTIONS /FA/,2013-10-10T00:00:00Z,Current report filing,9548375,135,8-K,/financials/sec-filings/sec-filings-details/default.aspx?FilingId=9548375,10/10/2013 06:46:26,NA,NA,CIK,0001069183
/Date(1537466359070-0500)/,CONVPDF,5037211,https://d18rn0p25nwr6d.cloudfront.net/CIK-0001069183/2f9bb5cb-63e5-49dd-8034-00cb198e84aa.pdf,1602031,403099,DONNELLEY FINANCIAL SOLUTIONS /FA/,2013-07-31T00:00:00Z,Current report filing,9423891,135,8-K,/financials/sec-filings/sec-filings-details/default.aspx?FilingId=9423891,07/31/2013 06:31:20,NA,NA,CIK,0001069183
/Date(1537466359820-0500)/,CONVPDF,5037259,https://d18rn0p25nwr6d.cloudfront.net/CIK-0001069183/0363292b-aca4-419e-b8d3-c71d46a10153.pdf,1602039,403099,DONNELLEY FINANCIAL SOLUTIONS /FA/,2013-07-12T00:00:00Z,Current report filing,9398087,135,8-K,/financials/sec-filings/sec-filings-details/default.aspx?FilingId=9398087,07/12/2013 16:18:44,NA,NA,CIK,0001069183
/Date(1537466359397-0500)/,CONVPDF,5037265,https://d18rn0p25nwr6d.cloudfront.net/CIK-0001069183/a0482e2c-260f-4d3c-b454-404680506d78.pdf,1602040,403099,DONNELLEY FINANCIAL SOLUTIONS /FA/,2013-07-11T00:00:00Z,Current report filing,9395270,135,8-K,/financials/sec-filings/sec-filings-details/default.aspx?FilingId=9395270,07/11/2013 06:31:23,NA,NA,CIK,0001069183
/Date(1537466359510-0500)/,CONVPDF,5037277,https://d18rn0p25nwr6d.cloudfront.net/CIK-0001069183/acd7d040-6e69-4853-be9d-4815251909da.pdf,1602042,403099,DONNELLEY FINANCIAL SOLUTIONS /FA/,2013-05-24T00:00:00Z,Current report filing,9319076,135,8-K,/financials/sec-filings/sec-filings-details/default.aspx?FilingId=9319076,05/24/2013 15:07:24,NA,NA,CIK,0001069183
/Date(1537466360280-0500)/,CONVPDF,5037322,https://d18rn0p25nwr6d.cloudfront.net/CIK-0001069183/a4c0b811-76e6-43eb-aeeb-8e3375054c13.pdf,1602049,403099,DONNELLEY FINANCIAL SOLUTIONS /FA/,2013-04-25T00:00:00Z,Current report filing,9239425,135,8-K,/financials/sec-filings/sec-filings-details/default.aspx?FilingId=9239425,04/25/2013 06:31:36,NA,NA,CIK,0001069183
/Date(1537466359857-0500)/,CONVPDF,5037328,https://d18rn0p25nwr6d.cloudfront.net/CIK-0001069183/7bde48a6-6434-4aff-b1b2-0814355c6489.pdf,1602050,403099,DONNELLEY FINANCIAL SOLUTIONS /FA/,2013-04-15T00:00:00Z,Current report filing,9222053,135,8-K,/financials/sec-filings/sec-filings-details/default.aspx?FilingId=9222053,04/15/2013 06:31:18,NA,NA,CIK,0001069183
/Date(1537466360283-0500)/,CONVPDF,5037396,https://d18rn0p25nwr6d.cloudfront.net/CIK-0001069183/d051ed6e-4141-46d8-8220-3448e9184869.pdf,1602061,403099,DONNELLEY FINANCIAL SOLUTIONS /FA/,2013-02-26T00:00:00Z,Current report filing,9114202,135,8-K,/financials/sec-filings/sec-filings-details/default.aspx?FilingId=9114202,02/26/2013 05:12:34,NA,NA,CIK,0001069183
/Date(1537466360323-0500)/,CONVPDF,5037402,https://d18rn0p25nwr6d.cloudfront.net/CIK-0001069183/729ba536-7650-4c1b-8037-8b29e8c1175f.pdf,1602062,403099,DONNELLEY FINANCIAL SOLUTIONS /FA/,2013-02-21T00:00:00Z,Current report filing,9104328,135,8-K,/financials/sec-filings/sec-filings-details/default.aspx?FilingId=9104328,02/21/2013 05:02:44,NA,NA,CIK,0001069183
/Date(1537466355867-0500)/,CONVPDF,5036640,https://d18rn0p25nwr6d.cloudfront.net/CIK-0001069183/46ecc6e4-7b78-4f2b-b0e7-6878e3849a90.pdf,1601938,83952,"AXON ENTERPRISE, INC.",2014-12-08T00:00:00Z,Current report filing,10346370,135,8-K,/financials/sec-filings/sec-filings-details/default.aspx?FilingId=10346370,12/08/2014 10:13:13,NA,NA,CIK,0001069183
/Date(1537466356423-0500)/,CONVPDF,5036715,https://d18rn0p25nwr6d.cloudfront.net/CIK-0001069183/d218240b-972f-4eea-baec-2be6e755ebcf.pdf,1601950,403099,DONNELLEY FINANCIAL SOLUTIONS /FA/,2014-10-30T00:00:00Z,Current report filing,10270297,135,8-K,/financials/sec-filings/sec-filings-details/default.aspx?FilingId=10270297,10/30/2014 06:31:54,NA,NA,CIK,0001069183
/Date(1537466356527-0500)/,CONVPDF,5036733,https://d18rn0p25nwr6d.cloudfront.net/CIK-0001069183/ef9a3cec-33f7-4932-b2ce-3106c630bf7a.pdf,1601953,647422,DONNELLEY FINANCIAL SOLUTIONS 8-K EXPRESS,2014-09-16T00:00:00Z,Current report filing,10207148,135,8-K,/financials/sec-filings/sec-filings-details/default.aspx?FilingId=10207148,09/16/2014 16:13:09,NA,NA,CIK,0001069183
/Date(1537466356567-0500)/,CONVPDF,5036739,https://d18rn0p25nwr6d.cloudfront.net/CIK-0001069183/6311371d-f229-4e94-8a9b-914791a4e869.pdf,1601954,647422,DONNELLEY FINANCIAL SOLUTIONS 8-K EXPRESS,2014-08-27T00:00:00Z,Current report filing,10175999,135,8-K,/financials/sec-filings/sec-filings-details/default.aspx?FilingId=10175999,08/27/2014 13:30:39,NA,NA,CIK,0001069183
/Date(1537466356743-0500)/,CONVPDF,5036766,https://d18rn0p25nwr6d.cloudfront.net/CIK-0001069183/ddb3e3c0-be1d-4354-a638-b0910c515f93.pdf,1601958,403099,DONNELLEY FINANCIAL SOLUTIONS /FA/,2014-07-30T00:00:00Z,Current report filing,10117858,135,8-K,/financials/sec-filings/sec-filings-details/default.aspx?FilingId=10117858,07/30/2014 06:31:17,NA,NA,CIK,0001069183
/Date(1537466356850-0500)/,CONVPDF,5036784,https://d18rn0p25nwr6d.cloudfront.net/CIK-0001069183/849cd14f-75b7-427e-bc1b-706fec9d715e.pdf,1601961,403099,DONNELLEY FINANCIAL SOLUTIONS /FA/,2014-06-10T00:00:00Z,Current report filing,10041404,135,8-K,/financials/sec-filings/sec-filings-details/default.aspx?FilingId=10041404,06/10/2014 06:31:10,NA,NA,CIK,0001069183
/Date(1537466356813-0500)/,CONVPDF,5036778,https://d18rn0p25nwr6d.cloudfront.net/CIK-0001069183/b5e2c202-f2f7-4bb1-a483-c5e0af82945b.pdf,1601960,403099,DONNELLEY FINANCIAL SOLUTIONS /FA/,2014-06-10T00:00:00Z,Current report filing,10041405,135,8-K,/financials/sec-filings/sec-filings-details/default.aspx?FilingId=10041405,06/10/2014 06:34:42,NA,NA,CIK,0001069183
/Date(1537466356780-0500)/,CONVPDF,5036838,https://d18rn0p25nwr6d.cloudfront.net/CIK-0001069183/d0636cdc-1518-44df-a49a-b1089c9d0519.pdf,1601970,403099,DONNELLEY FINANCIAL SOLUTIONS /FA/,2014-05-16T00:00:00Z,Current report filing,9998155,135,8-K,/financials/sec-filings/sec-filings-details/default.aspx?FilingId=9998155,05/16/2014 14:39:56,NA,NA,CIK,0001069183
/Date(1537466356820-0500)/,CONVPDF,5036844,https://d18rn0p25nwr6d.cloudfront.net/CIK-0001069183/ec25c2c3-e25f-46a6-bebd-b2de4aa2546f.pdf,1601971,403099,DONNELLEY FINANCIAL SOLUTIONS /FA/,2014-05-12T00:00:00Z,Current report filing,9979852,135,8-K,/financials/sec-filings/sec-filings-details/default.aspx?FilingId=9979852,05/12/2014 06:32:33,NA,NA,CIK,0001069183
/Date(1537466356850-0500)/,CONVPDF,5036850,https://d18rn0p25nwr6d.cloudfront.net/CIK-0001069183/540cabf7-0734-403e-82ab-31d9589ff68f.pdf,1601972,403099,DONNELLEY FINANCIAL SOLUTIONS /FA/,2014-05-08T00:00:00Z,Current report filing,9972262,135,8-K,/financials/sec-filings/sec-filings-details/default.aspx?FilingId=9972262,05/08/2014 05:03:05,NA,NA,CIK,0001069183
/Date(1537466356923-0500)/,CONVPDF,5036865,https://d18rn0p25nwr6d.cloudfront.net/CIK-0001069183/7dea2859-3a5b-4210-96bf-bfa104503be0.pdf,1601974,403099,DONNELLEY FINANCIAL SOLUTIONS /FA/,2014-04-30T00:00:00Z,Current report filing,9948498,135,8-K,/financials/sec-filings/sec-filings-details/default.aspx?FilingId=9948498,04/30/2014 06:31:59,NA,NA,CIK,0001069183
/Date(1537466357263-0500)/,CONVPDF,5036920,https://d18rn0p25nwr6d.cloudfront.net/CIK-0001069183/b9bdb713-2776-4e2c-a425-e36e2342b5df.pdf,1601983,403099,DONNELLEY FINANCIAL SOLUTIONS /FA/,2014-03-07T00:00:00Z,Current report filing,9840248,135,8-K,/financials/sec-filings/sec-filings-details/default.aspx?FilingId=9840248,03/07/2014 06:31:44,NA,NA,CIK,0001069183
/Date(1537466357563-0500)/,CONVPDF,5036968,https://d18rn0p25nwr6d.cloudfront.net/CIK-0001069183/bdea8d6d-904d-49a4-8adc-6069ad9b7902.pdf,1601991,403099,DONNELLEY FINANCIAL SOLUTIONS /FA/,2014-03-03T00:00:00Z,Current report filing,9826802,135,8-K,/financials/sec-filings/sec-filings-details/default.aspx?FilingId=9826802,03/03/2014 14:17:43,NA,NA,CIK,0001069183
/Date(1537466357677-0500)/,CONVPDF,5036986,https://d18rn0p25nwr6d.cloudfront.net/CIK-0001069183/b11fadea-e229-4162-bd81-dc6819d65810.pdf,1601994,403099,DONNELLEY FINANCIAL SOLUTIONS /FA/,2014-02-26T00:00:00Z,Current report filing,9810939,135,8-K,/financials/sec-filings/sec-filings-details/default.aspx?FilingId=9810939,02/26/2014 06:31:47,NA,NA,CIK,0001069183
/Date(1537466352737-0500)/,CONVPDF,5036239,https://d18rn0p25nwr6d.cloudfront.net/CIK-0001069183/2833cfb9-d6e7-4d56-abd9-af99373c75f6.pdf,1601872,83952,"AXON ENTERPRISE, INC.",2015-11-03T00:00:00Z,Current report filing,10984300,135,8-K,/financials/sec-filings/sec-filings-details/default.aspx?FilingId=10984300,11/03/2015 05:02:22,NA,NA,CIK,0001069183
/Date(1537466353517-0500)/,CONVPDF,5036290,https://d18rn0p25nwr6d.cloudfront.net/CIK-0001069183/0dddb2cf-f312-4a70-9456-8e9cb6ae0b81.pdf,1601880,83952,"AXON ENTERPRISE, INC.",2015-07-30T00:00:00Z,Current report filing,10829338,135,8-K,/financials/sec-filings/sec-filings-details/default.aspx?FilingId=10829338,07/30/2015 05:02:49,NA,NA,CIK,0001069183
/Date(1537466353590-0500)/,CONVPDF,5036302,https://d18rn0p25nwr6d.cloudfront.net/CIK-0001069183/c880f782-6438-4fe5-99c4-b52bb680e029.pdf,1601882,83952,"AXON ENTERPRISE, INC.",2015-07-20T00:00:00Z,Current report filing,10813369,135,8-K,/financials/sec-filings/sec-filings-details/default.aspx?FilingId=10813369,07/20/2015 05:02:18,NA,NA,CIK,0001069183
/Date(1537466353313-0500)/,CONVPDF,5036326,https://d18rn0p25nwr6d.cloudfront.net/CIK-0001069183/e47d8bee-ebb7-4bfb-b4d9-9c0a5df198c9.pdf,1601886,83952,"AXON ENTERPRISE, INC.",2015-05-21T00:00:00Z,Current report filing,10716431,135,8-K,/financials/sec-filings/sec-filings-details/default.aspx?FilingId=10716431,05/21/2015 05:02:15,NA,NA,CIK,0001069183
/Date(1537466354573-0500)/,CONVPDF,5036443,https://d18rn0p25nwr6d.cloudfront.net/CIK-0001069183/238c761c-ed9d-43aa-ae02-1c0f30b53715.pdf,1601905,83952,"AXON ENTERPRISE, INC.",2015-05-05T00:00:00Z,Current report filing,10671453,135,8-K,/financials/sec-filings/sec-filings-details/default.aspx?FilingId=10671453,05/05/2015 07:23:46,NA,NA,CIK,0001069183
/Date(1537466354153-0500)/,CONVPDF,5036449,https://d18rn0p25nwr6d.cloudfront.net/CIK-0001069183/c62a7635-f6bf-48de-aeea-6be229345e4f.pdf,1601906,83952,"AXON ENTERPRISE, INC.",2015-04-30T00:00:00Z,Current report filing,10657279,135,8-K,/financials/sec-filings/sec-filings-details/default.aspx?FilingId=10657279,04/30/2015 05:29:25,NA,NA,CIK,0001069183
/Date(1537466354607-0500)/,CONVPDF,5036529,https://d18rn0p25nwr6d.cloudfront.net/CIK-0001069183/beda2b29-fcbc-4e91-8370-2dc376e36297.pdf,1601919,83952,"AXON ENTERPRISE, INC.",2015-02-26T00:00:00Z,Current report filing,10516361,135,8-K,/financials/sec-filings/sec-filings-details/default.aspx?FilingId=10516361,02/26/2015 05:25:10,NA,NA,CIK,0001069183
/Date(1537466350617-0500)/,CONVPDF,5035902,https://d18rn0p25nwr6d.cloudfront.net/CIK-0001069183/f9c7bac4-8bfd-4cb9-a770-185287d45938.pdf,1601817,83952,"AXON ENTERPRISE, INC.",2016-11-09T00:00:00Z,Current report filing,11677494,135,8-K,/financials/sec-filings/sec-filings-details/default.aspx?FilingId=11677494,11/09/2016 15:02:12,NA,NA,CIK,0001069183
/Date(1537466350740-0500)/,CONVPDF,5035920,https://d18rn0p25nwr6d.cloudfront.net/CIK-0001069183/0e256487-8f55-4c3f-8a22-ee17e39c3f3c.pdf,1601820,83952,"AXON ENTERPRISE, INC.",2016-10-12T00:00:00Z,Current report filing,11633212,135,8-K,/financials/sec-filings/sec-filings-details/default.aspx?FilingId=11633212,10/12/2016 15:44:25,NA,NA,CIK,0001069183
/Date(1537466350887-0500)/,CONVPDF,5035946,https://d18rn0p25nwr6d.cloudfront.net/CIK-0001069183/687251d8-a845-4703-b092-8d5427b0b65b.pdf,1601824,83952,"AXON ENTERPRISE, INC.",2016-08-04T00:00:00Z,Current report filing,11524771,135,8-K,/financials/sec-filings/sec-filings-details/default.aspx?FilingId=11524771,08/04/2016 15:02:04,NA,NA,CIK,0001069183
/Date(1537466351793-0500)/,CONVPDF,5036012,https://d18rn0p25nwr6d.cloudfront.net/CIK-0001069183/d35debdd-ed51-48bd-8327-81f653554a4d.pdf,1601835,83952,"AXON ENTERPRISE, INC.",2016-05-27T00:00:00Z,Current report filing,11415144,135,8-K,/financials/sec-filings/sec-filings-details/default.aspx?FilingId=11415144,05/27/2016 11:45:27,NA,NA,CIK,0001069183
/Date(1537466351910-0500)/,CONVPDF,5036033,https://d18rn0p25nwr6d.cloudfront.net/CIK-0001069183/f748de9b-a96d-4c68-8f67-9cfd4faa69eb.pdf,1601838,83952,"AXON ENTERPRISE, INC.",2016-05-04T00:00:00Z,Current report filing,11359788,135,8-K,/financials/sec-filings/sec-filings-details/default.aspx?FilingId=11359788,05/04/2016 15:04:45,NA,NA,CIK,0001069183
/Date(1537466352097-0500)/,CONVPDF,5036136,https://d18rn0p25nwr6d.cloudfront.net/CIK-0001069183/33836f6b-dae3-4f2c-8559-551df9e4b515.pdf,1601855,83952,"AXON ENTERPRISE, INC.",2016-02-29T00:00:00Z,Current report filing,11218674,135,8-K,/financials/sec-filings/sec-filings-details/default.aspx?FilingId=11218674,02/29/2016 05:34:34,NA,NA,CIK,0001069183
/Date(1537466352410-0500)/,CONVPDF,5036189,https://d18rn0p25nwr6d.cloudfront.net/CIK-0001069183/a5646c91-ed09-490c-a7c7-f6580d0a8146.pdf,1601864,83952,"AXON ENTERPRISE, INC.",2016-01-22T00:00:00Z,Current report filing,11120878,135,8-K,/financials/sec-filings/sec-filings-details/default.aspx?FilingId=11120878,01/22/2016 15:35:54,NA,NA,CIK,0001069183
/Date(1537466348600-0500)/,CONVPDF,5035485,https://d18rn0p25nwr6d.cloudfront.net/CIK-0001069183/4270f861-fc85-4c3f-9c78-771bfb21c73d.pdf,1601749,83952,"AXON ENTERPRISE, INC.",2017-12-04T00:00:00Z,Current report filing,12412720,135,8-K,/financials/sec-filings/sec-filings-details/default.aspx?FilingId=12412720,12/04/2017 11:58:21,NA,NA,CIK,0001069183
/Date(1537466348630-0500)/,CONVPDF,5035491,https://d18rn0p25nwr6d.cloudfront.net/CIK-0001069183/5aa28551-7e61-455e-8dd9-f38c2c322d61.pdf,1601750,83952,"AXON ENTERPRISE, INC.",2017-11-13T00:00:00Z,Current report filing,12373874,135,8-K,/financials/sec-filings/sec-filings-details/default.aspx?FilingId=12373874,11/13/2017 05:03:37,NA,NA,CIK,0001069183
/Date(1537466348253-0500)/,CONVPDF,5035506,https://d18rn0p25nwr6d.cloudfront.net/CIK-0001069183/4fb9e046-6ce0-4cda-904e-b692bea0e5b6.pdf,1601752,83952,"AXON ENTERPRISE, INC.",2017-11-07T00:00:00Z,Current report filing,12365517,135,8-K,/financials/sec-filings/sec-filings-details/default.aspx?FilingId=12365517,11/07/2017 15:02:37,NA,NA,CIK,0001069183
/Date(1537466348290-0500)/,CONVPDF,5035512,https://d18rn0p25nwr6d.cloudfront.net/CIK-0001069183/b2461155-a664-46d4-a130-211fd4f88010.pdf,1601753,83952,"AXON ENTERPRISE, INC.",2017-10-25T00:00:00Z,Current report filing,12338242,135,8-K,/financials/sec-filings/sec-filings-details/default.aspx?FilingId=12338242,10/25/2017 13:39:17,NA,NA,CIK,0001069183
/Date(1537466348343-0500)/,CONVPDF,5035518,https://d18rn0p25nwr6d.cloudfront.net/CIK-0001069183/b6caf9f4-98d8-469b-a654-88e896d67b12.pdf,1601754,83952,"AXON ENTERPRISE, INC.",2017-10-19T00:00:00Z,Current report filing,12331794,135,8-K,/financials/sec-filings/sec-filings-details/default.aspx?FilingId=12331794,10/19/2017 15:41:22,NA,NA,CIK,0001069183
/Date(1537466348517-0500)/,CONVPDF,5035545,https://d18rn0p25nwr6d.cloudfront.net/CIK-0001069183/a81f2986-480b-45a7-a364-0c85a2ed78c5.pdf,1601758,83952,"AXON ENTERPRISE, INC.",2017-08-08T00:00:00Z,Current report filing,12218860,135,8-K,/financials/sec-filings/sec-filings-details/default.aspx?FilingId=12218860,08/08/2017 15:05:39,NA,NA,CIK,0001069183
/Date(1537466349090-0500)/,CONVPDF,5035563,https://d18rn0p25nwr6d.cloudfront.net/CIK-0001069183/ce6b3909-96dc-4f69-a9d1-4817b609c7cd.pdf,1601761,83952,"AXON ENTERPRISE, INC.",2017-07-25T00:00:00Z,Current report filing,12186805,135,8-K,/financials/sec-filings/sec-filings-details/default.aspx?FilingId=12186805,07/25/2017 05:02:55,NA,NA,CIK,0001069183
/Date(1537466348760-0500)/,CONVPDF,5035581,https://d18rn0p25nwr6d.cloudfront.net/CIK-0001069183/ad980e1d-27ff-463f-a7a0-30476e98f03c.pdf,1601764,83952,"AXON ENTERPRISE, INC.",2017-05-26T00:00:00Z,Current report filing,12095784,135,8-K,/financials/sec-filings/sec-filings-details/default.aspx?FilingId=12095784,05/26/2017 15:21:04,NA,NA,CIK,0001069183
/Date(1537466349630-0500)/,CONVPDF,5035643,https://d18rn0p25nwr6d.cloudfront.net/CIK-0001069183/071c75f9-9885-4316-bb47-9562105da236.pdf,1601774,83952,"AXON ENTERPRISE, INC.",2017-05-09T00:00:00Z,Current report filing,12052762,135,8-K,/financials/sec-filings/sec-filings-details/default.aspx?FilingId=12052762,05/09/2017 15:03:03,NA,NA,CIK,0001069183
/Date(1537466349403-0500)/,CONVPDF,5035684,https://d18rn0p25nwr6d.cloudfront.net/CIK-0001069183/34dc6a24-d862-4445-9f0c-a1dbec4fa2d5.pdf,1601781,83952,"AXON ENTERPRISE, INC.",2017-04-05T00:00:00Z,Current report filing,11979366,135,8-K,/financials/sec-filings/sec-filings-details/default.aspx?FilingId=11979366,04/05/2017 11:04:56,NA,NA,CIK,0001069183
/Date(1537466349467-0500)/,CONVPDF,5035696,https://d18rn0p25nwr6d.cloudfront.net/CIK-0001069183/8ea15a5a-3db4-45ae-92a9-773fc4ce0427.pdf,1601783,83952,"AXON ENTERPRISE, INC.",2017-03-23T00:00:00Z,Current report filing,11950180,135,8-K,/financials/sec-filings/sec-filings-details/default.aspx?FilingId=11950180,03/23/2017 09:40:02,NA,NA,CIK,0001069183
/Date(1537466349997-0500)/,CONVPDF,5035794,https://d18rn0p25nwr6d.cloudfront.net/CIK-0001069183/3c6c2cc4-acaf-498a-92c6-73ec5886c0d1.pdf,1601799,83952,"AXON ENTERPRISE, INC.",2017-03-01T00:00:00Z,Current report filing,11899786,135,8-K,/financials/sec-filings/sec-filings-details/default.aspx?FilingId=11899786,03/01/2017 16:18:34,NA,NA,CIK,0001069183
/Date(1537466350030-0500)/,CONVPDF,5035800,https://d18rn0p25nwr6d.cloudfront.net/CIK-0001069183/c681dc31-a875-4f0d-8f4b-417c0cd5e01f.pdf,1601800,83952,"AXON ENTERPRISE, INC.",2017-02-28T00:00:00Z,Current report filing,11893031,135,8-K,/financials/sec-filings/sec-filings-details/default.aspx?FilingId=11893031,02/28/2017 17:55:03,NA,NA,CIK,0001069183
/Date(1537466350353-0500)/,CONVPDF,5035859,https://d18rn0p25nwr6d.cloudfront.net/CIK-0001069183/817d4f24-9d21-4236-b341-398675f66b8e.pdf,1601810,83952,"AXON ENTERPRISE, INC.",2017-02-09T00:00:00Z,Current report filing,11834800,135,8-K,/financials/sec-filings/sec-filings-details/default.aspx?FilingId=11834800,02/09/2017 07:36:36,NA,NA,CIK,0001069183
/Date(1545431514890-0600)/,CONVPDF,5429022,https://d18rn0p25nwr6d.cloudfront.net/CIK-0001069183/a5ebb894-f165-4d36-8166-bbfedbd71897.pdf,1680228,83952,"AXON ENTERPRISE, INC.",2018-12-21T00:00:00Z,Current report filing,13122574,135,8-K,/financials/sec-filings/sec-filings-details/default.aspx?FilingId=13122574,12/21/2018 16:31:00,NA,NA,CIK,0001069183
/Date(1545257274340-0600)/,CONVPDF,5423419,https://d18rn0p25nwr6d.cloudfront.net/CIK-0001069183/47856a38-77f2-4d0d-9778-47d8baef1db8.pdf,1679321,83952,"AXON ENTERPRISE, INC.",2018-12-19T00:00:00Z,Current report filing,13116971,135,8-K,/financials/sec-filings/sec-filings-details/default.aspx?FilingId=13116971,12/19/2018 16:06:26,NA,NA,CIK,0001069183
/Date(1545084951557-0600)/,CONVPDF,5414690,https://d18rn0p25nwr6d.cloudfront.net/CIK-0001069183/5f288ceb-5d88-46f2-8fd8-13fc80f26d60.pdf,1677836,83952,"AXON ENTERPRISE, INC.",2018-12-17T00:00:00Z,Current report filing,13112471,135,8-K,/financials/sec-filings/sec-filings-details/default.aspx?FilingId=13112471,12/17/2018 16:12:55,NA,NA,CIK,0001069183
/Date(1541540646093-0600)/,CONVPDF,5212734,https://d18rn0p25nwr6d.cloudfront.net/CIK-0001069183/172cf10b-0161-4fc6-9989-65e8a8448c7d.pdf,1638025,83952,"AXON ENTERPRISE, INC.",2018-11-06T00:00:00Z,Current report filing,13044694,135,8-K,/financials/sec-filings/sec-filings-details/default.aspx?FilingId=13044694,11/06/2018 15:43:36,NA,NA,CIK,0001069183
/Date(1539080831103-0500)/,CONVPDF,5100978,https://d18rn0p25nwr6d.cloudfront.net/CIK-0001069183/36beccc2-1905-423f-83cc-08c60402c3a4.pdf,1613168,83952,"AXON ENTERPRISE, INC.",2018-10-09T00:00:00Z,Current report filing,12999720,135,8-K,/financials/sec-filings/sec-filings-details/default.aspx?FilingId=12999720,10/09/2018 05:05:36,NA,NA,CIK,0001069183
/Date(1537466345553-0500)/,CONVPDF,5035111,https://d18rn0p25nwr6d.cloudfront.net/CIK-0001069183/abb203b2-87df-483d-bc3d-8835efe363a8.pdf,1601687,83952,"AXON ENTERPRISE, INC.",2018-09-19T00:00:00Z,Current report filing,12970012,135,8-K,/financials/sec-filings/sec-filings-details/default.aspx?FilingId=12970012,09/19/2018 15:10:16,NA,NA,CIK,0001069183
/Date(1537466345913-0500)/,CONVPDF,5035135,https://d18rn0p25nwr6d.cloudfront.net/CIK-0001069183/fde69ce0-6b91-429b-97ae-ab8cc0fb26f2.pdf,1601691,83952,"AXON ENTERPRISE, INC.",2018-08-22T00:00:00Z,Current report filing,12930869,135,8-K,/financials/sec-filings/sec-filings-details/default.aspx?FilingId=12930869,08/22/2018 15:51:12,NA,NA,CIK,0001069183
/Date(1537466345623-0500)/,CONVPDF,5035156,https://d18rn0p25nwr6d.cloudfront.net/CIK-0001069183/0a5e98a7-b91a-4ac1-a65e-4963de301ebc.pdf,1601694,83952,"AXON ENTERPRISE, INC.",2018-08-07T00:00:00Z,Current report filing,12899464,135,8-K,/financials/sec-filings/sec-filings-details/default.aspx?FilingId=12899464,08/07/2018 15:03:56,NA,NA,CIK,0001069183
/Date(1537466345880-0500)/,CONVPDF,5035186,https://d18rn0p25nwr6d.cloudfront.net/CIK-0001069183/5d6865ab-d988-4672-885d-e21eda2a07d0.pdf,1601699,83952,"AXON ENTERPRISE, INC.",2018-06-21T00:00:00Z,Current report filing,12825382,135,8-K,/financials/sec-filings/sec-filings-details/default.aspx?FilingId=12825382,06/21/2018 16:26:54,NA,NA,CIK,0001069183
/Date(1537466346857-0500)/,CONVPDF,5035252,https://d18rn0p25nwr6d.cloudfront.net/CIK-0001069183/31238099-3ab6-4131-90d1-c54c8359a212.pdf,1601710,83952,"AXON ENTERPRISE, INC.",2018-05-24T00:00:00Z,Current report filing,12776540,135,8-K,/financials/sec-filings/sec-filings-details/default.aspx?FilingId=12776540,05/24/2018 14:53:37,NA,NA,CIK,0001069183
/Date(1537466346957-0500)/,CONVPDF,5035263,https://d18rn0p25nwr6d.cloudfront.net/CIK-0001069183/bc381a7f-c274-4db5-9011-85f217f1fce7.pdf,1601712,953736,WORKIVA INC. WDESK FA01,2018-05-18T00:00:00Z,Current report filing,12765461,135,8-K,/financials/sec-filings/sec-filings-details/default.aspx?FilingId=12765461,05/18/2018 07:32:32,NA,NA,CIK,0001069183
/Date(1537466347393-0500)/,CONVPDF,5035318,https://d18rn0p25nwr6d.cloudfront.net/CIK-0001069183/ea2376c3-e870-4329-9c07-5b753bc9a8fd.pdf,1601721,83952,"AXON ENTERPRISE, INC.",2018-05-08T00:00:00Z,Current report filing,12737527,135,8-K,/financials/sec-filings/sec-filings-details/default.aspx?FilingId=12737527,05/08/2018 15:04:46,NA,NA,CIK,0001069183
/Date(1537466347577-0500)/,CONVPDF,5035341,https://d18rn0p25nwr6d.cloudfront.net/CIK-0001069183/b94a46c3-014a-4c0b-ba75-7146912f54bd.pdf,1601725,83952,"AXON ENTERPRISE, INC.",2018-04-06T00:00:00Z,Current report filing,12674080,135,8-K,/financials/sec-filings/sec-filings-details/default.aspx?FilingId=12674080,04/06/2018 11:42:54,NA,NA,CIK,0001069183
/Date(1537466348087-0500)/,CONVPDF,5035410,https://d18rn0p25nwr6d.cloudfront.net/CIK-0001069183/edfba6e3-0fc1-475f-b198-f6c6c55b31ce.pdf,1601736,83952,"AXON ENTERPRISE, INC.",2018-02-27T00:00:00Z,Current report filing,12583389,135,8-K,/financials/sec-filings/sec-filings-details/default.aspx?FilingId=12583389,02/27/2018 15:01:39,NA,NA,CIK,0001069183
/Date(1537466348040-0500)/,CONVPDF,5035404,https://d18rn0p25nwr6d.cloudfront.net/CIK-0001069183/80e522a1-6f58-4072-803d-b28d665d2542.pdf,1601735,83952,"AXON ENTERPRISE, INC.",2018-02-27T00:00:00Z,Current report filing,12583432,135,8-K,/financials/sec-filings/sec-filings-details/default.aspx?FilingId=12583432,02/27/2018 15:06:15,NA,NA,CIK,0001069183
/Date(1573160821177-0600)/,CONVPDF,6762861,https://d18rn0p25nwr6d.cloudfront.net/CIK-0001069183/aafbd94c-f6b1-44d2-bec3-7a698168e557.pdf,2102455,83952,"AXON ENTERPRISE, INC.",2019-11-07T00:00:00Z,Current report filing,13726664,135,8-K,/financials/sec-filings/sec-filings-details/default.aspx?FilingId=13726664,11/07/2019 15:05:42,NA,NA,CIK,0001069183
/Date(1572343549453-0500)/,CONVPDF,6655924,https://d18rn0p25nwr6d.cloudfront.net/CIK-0001069183/e958e626-9e70-4734-afef-5aadf8cd0986.pdf,2079758,83952,"AXON ENTERPRISE, INC.",2019-10-29T00:00:00Z,Current report filing,13704120,135,8-K,/financials/sec-filings/sec-filings-details/default.aspx?FilingId=13704120,10/29/2019 05:03:18,NA,NA,CIK,0001069183
/Date(1571171442823-0500)/,CONVPDF,6636201,https://d18rn0p25nwr6d.cloudfront.net/CIK-0001069183/195519f7-2762-44fc-b395-a68efcab17a0.pdf,2071730,83952,"AXON ENTERPRISE, INC.",2019-10-15T00:00:00Z,Current report filing,13687075,135,8-K,/financials/sec-filings/sec-filings-details/default.aspx?FilingId=13687075,10/15/2019 15:27:23,NA,NA,CIK,0001069183
/Date(1567022873780-0500)/,CONVPDF,6293734,https://d18rn0p25nwr6d.cloudfront.net/CIK-0001069183/c1f04f06-2aa8-4097-9974-4cb481d7fa09.pdf,1951948,83952,"AXON ENTERPRISE, INC.",2019-08-28T00:00:00Z,Current report filing,13616449,135,8-K,/financials/sec-filings/sec-filings-details/default.aspx?FilingId=13616449,08/28/2019 15:05:06,NA,NA,CIK,0001069183
/Date(1565295433603-0500)/,CONVPDF,6206082,https://d18rn0p25nwr6d.cloudfront.net/CIK-0001069183/c56ac9ae-63ca-44fd-b93f-d0d16f4333de.pdf,1895920,83952,"AXON ENTERPRISE, INC.",2019-08-08T00:00:00Z,Current report filing,13581743,135,8-K,/financials/sec-filings/sec-filings-details/default.aspx?FilingId=13581743,08/08/2019 15:13:21,NA,NA,CIK,0001069183
/Date(1560544089850-0500)/,CONVPDF,6003509,https://d18rn0p25nwr6d.cloudfront.net/CIK-0001069183/9cc55568-f7de-4c1c-9499-429f5f50a6d5.pdf,1814915,83952,"AXON ENTERPRISE, INC.",2019-06-14T00:00:00Z,Current report filing,13492716,135,8-K,/financials/sec-filings/sec-filings-details/default.aspx?FilingId=13492716,06/14/2019 15:26:07,NA,NA,CIK,0001069183
/Date(1559682286697-0500)/,CONVPDF,5950822,https://d18rn0p25nwr6d.cloudfront.net/CIK-0001069183/a06bd71f-78be-4849-9d18-8b37b2b1a8cd.pdf,1804726,83952,"AXON ENTERPRISE, INC.",2019-06-04T00:00:00Z,Current report filing,13474425,135,8-K,/financials/sec-filings/sec-filings-details/default.aspx?FilingId=13474425,06/04/2019 16:00:39,NA,NA,CIK,0001069183
/Date(1557432695557-0500)/,CONVPDF,5895337,https://d18rn0p25nwr6d.cloudfront.net/CIK-0001069183/35bdc4ce-5b7b-4798-83ab-553ba2a44db3.pdf,1795464,83952,"AXON ENTERPRISE, INC.",2019-05-09T00:00:00Z,Current report filing,13417299,135,8-K,/financials/sec-filings/sec-filings-details/default.aspx?FilingId=13417299,05/09/2019 15:08:51,NA,NA,CIK,0001069183
/Date(1551215676500-0600)/,CONVPDF,5645639,https://d18rn0p25nwr6d.cloudfront.net/CIK-0001069183/29cf57ce-4b5d-4c77-a290-ce44101fa221.pdf,1720246,83952,"AXON ENTERPRISE, INC.",2019-02-26T00:00:00Z,Current report filing,13254186,135,8-K,/financials/sec-filings/sec-filings-details/default.aspx?FilingId=13254186,02/26/2019 15:12:32,NA,NA,CIK,0001069183
/Date(1550574395483-0600)/,CONVPDF,5607420,https://d18rn0p25nwr6d.cloudfront.net/CIK-0001069183/ccbee11c-63f2-429d-8d5a-3f4ac22ecc88.pdf,1713621,83952,"AXON ENTERPRISE, INC.",2019-02-19T00:00:00Z,Current report filing,13235373,135,8-K,/financials/sec-filings/sec-filings-details/default.aspx?FilingId=13235373,02/19/2019 05:03:58,NA,NA,CIK,0001069183
/Date(1546896480937-0600)/,CONVPDF,5459596,https://d18rn0p25nwr6d.cloudfront.net/CIK-0001069183/87236866-d6a0-45b4-8fdf-18ae898c2d56.pdf,1686433,83952,"AXON ENTERPRISE, INC.",2019-01-07T00:00:00Z,Current report filing,13144381,135,8-K,/financials/sec-filings/sec-filings-details/default.aspx?FilingId=13144381,01/07/2019 15:26:16,NA,NA,CIK,0001069183
/Date(1604610571490-0600)/,CONVPDF,12605435,https://d18rn0p25nwr6d.cloudfront.net/CIK-0001069183/436cda0b-792b-401e-9b48-2207453597b1.pdf,3981623,83952,"AXON ENTERPRISE, INC.",2020-11-05T00:00:00Z,Current report filing,14482977,135,8-K,/financials/sec-filings/sec-filings-details/default.aspx?FilingId=14482977,11/05/2020 15:06:29,NA,NA,CIK,0001069183
/Date(1599818707473-0500)/,CONVPDF,11861172,https://d18rn0p25nwr6d.cloudfront.net/CIK-0001069183/eb5f1bce-ebb7-460c-8ffb-e56db67c9d92.pdf,3646480,83952,"AXON ENTERPRISE, INC.",2020-09-11T00:00:00Z,Current report filing,14386066,135,8-K,/financials/sec-filings/sec-filings-details/default.aspx?FilingId=14386066,09/11/2020 05:04:02,NA,NA,CIK,0001069183
/Date(1596744301537-0500)/,CONVPDF,10907188,https://d18rn0p25nwr6d.cloudfront.net/CIK-0001069183/beddba75-e6a3-4338-80c0-71e6fb6ca49c.pdf,3378377,83952,"AXON ENTERPRISE, INC.",2020-08-06T00:00:00Z,Current report filing,14316034,135,8-K,/financials/sec-filings/sec-filings-details/default.aspx?FilingId=14316034,08/06/2020 15:03:51,NA,NA,CIK,0001069183
/Date(1592511109297-0500)/,CONVPDF,10372862,https://d18rn0p25nwr6d.cloudfront.net/CIK-0001069183/07563749-f180-4042-9ed3-d2a0bcce46ee.pdf,3160022,83952,"AXON ENTERPRISE, INC.",2020-06-18T00:00:00Z,Current report filing,14225594,135,8-K,/financials/sec-filings/sec-filings-details/default.aspx?FilingId=14225594,06/18/2020 15:07:49,NA,NA,CIK,0001069183
/Date(1591992883220-0500)/,CONVPDF,10134513,https://d18rn0p25nwr6d.cloudfront.net/CIK-0001069183/55b1ddc4-c2b3-4998-8b26-6a2c8fcee393.pdf,3105243,83952,"AXON ENTERPRISE, INC.",2020-06-12T00:00:00Z,Current report filing,14215904,135,8-K,/financials/sec-filings/sec-filings-details/default.aspx?FilingId=14215904,06/12/2020 15:12:11,NA,NA,CIK,0001069183
/Date(1591214760023-0500)/,CONVPDF,9761080,https://d18rn0p25nwr6d.cloudfront.net/CIK-0001069183/9cdf12a5-3977-48cc-a34e-ce062362b509.pdf,3016806,934175,TOPPAN MERRILL,2020-06-03T00:00:00Z,Current report filing,14197583,135,8-K,/financials/sec-filings/sec-filings-details/default.aspx?FilingId=14197583,06/03/2020 15:02:40,NA,NA,CIK,0001069183
/Date(1588883697753-0500)/,CONVPDF,9537247,https://d18rn0p25nwr6d.cloudfront.net/CIK-0001069183/a169f234-b8dc-4d9f-a9a8-f6d8a109435d.pdf,2924258,934175,TOPPAN MERRILL,2020-05-07T00:00:00Z,Current report filing,14130018,135,8-K,/financials/sec-filings/sec-filings-details/default.aspx?FilingId=14130018,05/07/2020 15:31:51,NA,NA,CIK,0001069183
/Date(1582837602917-0600)/,CONVPDF,8419417,https://d18rn0p25nwr6d.cloudfront.net/CIK-0001069183/704a151c-2d3e-46c4-a484-22851fcb7ec9.pdf,2506827,83952,"AXON ENTERPRISE, INC.",2020-02-27T00:00:00Z,Current report filing,13959269,135,8-K,/financials/sec-filings/sec-filings-details/default.aspx?FilingId=13959269,02/27/2020 15:04:45,NA,NA,CIK,0001069183
/Date(1579208780503-0600)/,CONVPDF,7643253,https://d18rn0p25nwr6d.cloudfront.net/CIK-0001069183/9b6131e1-8df0-41b5-a061-10da8d1dbb71.pdf,2335310,83952,"AXON ENTERPRISE, INC.",2020-01-16T00:00:00Z,Current report filing,13849226,135,8-K,/financials/sec-filings/sec-filings-details/default.aspx?FilingId=13849226,01/16/2020 15:03:59,NA,NA,CIK,0001069183
/Date(1578051516753-0600)/,CONVPDF,7493947,https://d18rn0p25nwr6d.cloudfront.net/CIK-0001069183/154638bb-766a-462d-b381-ce2fee44d276.pdf,2300391,83952,"AXON ENTERPRISE, INC.",2020-01-03T00:00:00Z,Current report filing,13825344,135,8-K,/financials/sec-filings/sec-filings-details/default.aspx?FilingId=13825344,01/03/2020 05:34:16,NA,NA,CIK,0001069183
/Date(1620331989580-0500)/,CONVPDF,13669402,https://d18rn0p25nwr6d.cloudfront.net/CIK-0001069183/55ee1b89-5bcb-4a5f-ba7b-a08f14779f9d.pdf,5520798,83952,"AXON ENTERPRISE, INC.",2021-05-06T00:00:00Z,Current report filing,14931977,135,8-K,/financials/sec-filings/sec-filings-details/default.aspx?FilingId=14931977,05/06/2021 15:12:30,NA,NA,CIK,0001069183
/Date(1617912342483-0500)/,CONVPDF,13547026,https://d18rn0p25nwr6d.cloudfront.net/CIK-0001069183/9e382763-7215-4188-a7b5-b26427892c3b.pdf,5193430,83952,"AXON ENTERPRISE, INC.",2021-04-08T00:00:00Z,Current report filing,14861475,135,8-K,/financials/sec-filings/sec-filings-details/default.aspx?FilingId=14861475,04/08/2021 15:02:52,NA,NA,CIK,0001069183
/Date(1614287550393-0600)/,CONVPDF,13317346,https://d18rn0p25nwr6d.cloudfront.net/CIK-0001069183/4a871ae3-5e7e-4003-b2bd-ba4306ba88c3.pdf,4721135,934175,TOPPAN MERRILL,2021-02-25T00:00:00Z,Current report filing,14745751,135,8-K,/financials/sec-filings/sec-filings-details/default.aspx?FilingId=14745751,02/25/2021 15:08:47,NA,NA,CIK,0001069183
/Date(1612390933707-0600)/,CONVPDF,13161961,https://d18rn0p25nwr6d.cloudfront.net/CIK-0001069183/41cd24a2-13e0-41dc-ba9f-3a14912b6f21.pdf,4537616,83952,"AXON ENTERPRISE, INC.",2021-02-03T00:00:00Z,Current report filing,14668790,135,8-K,/financials/sec-filings/sec-filings-details/default.aspx?FilingId=14668790,02/03/2021 16:21:42,NA,NA,CIK,0001069183
